mac;slocTime;status;echo
04C3E6802580;01.02.2021 00:45;0;12,23,24,31,31,49,95,111,110,99,94,78,53,37,40,40,34,28,27,39,39,36,45,55,55,46,45,47,65,68,65,64,64,51,70,77,77,79,79,97,106,104,90,81,80,71,46,42,43,41,43,41,45,70,77,77,63,82,113,126,126,114,80,97,129,131,119,102,78,93,93,93,156,167,158,131,106,128,132,121,119,143,163,193,212,211,178,139,144,141,115,73,56,61,74,84,83,65,51,56,55,43,38,37,36,42,49,60,63,71,70,62,55,73,87,89,88,100,105,105,111,122,122,117,99,78,70,67
04C3E6802580;31.01.2021 00:46;0;12,24,26,34,35,52,101,126,126,116,104,87,58,42,49,51,47,39,35,42,43,44,53,59,59,48,34,37,65,72,72,66,61,48,76,88,88,80,79,80,89,89,95,104,104,92,68,50,50,48,56,66,66,60,59,56,46,49,82,88,97,133,136,125,151,159,154,128,172,180,169,149,168,168,139,111,102,143,150,145,148,160,178,195,205,205,166,125,123,123,114,84,90,115,120,119,108,79,53,58,67,71,72,71,93,116,117,111,98,77,55,49,48,59,60,62,61,62,61,50,44,43,55,55,50,36,35,34
04C3E6802580;30.01.2021 00:45;0;12,22,25,32,32,62,101,102,82,54,36,36,54,55,43,33,27,23,23,26,37,44,57,78,101,106,102,83,58,50,46,65,74,74,63,52,52,39,40,52,64,65,61,49,39,36,50,59,66,66,77,95,102,99,79,77,73,80,86,105,116,158,197,215,222,228,227,214,191,167,158,143,153,153,138,133,108,113,166,168,139,116,105,82,74,71,64,71,90,90,77,84,84,70,60,60,67,68,62,80,89,88,76,59,72,73,68,75,76,72,58,53,48,41,61,72,74,71,63,53,49,43,48,47,51,57,61,64
04C3E6802580;29.01.2021 00:45;0;12,23,26,36,37,64,127,139,130,84,62,53,84,95,94,81,68,68,78,78,70,55,37,30,29,37,49,50,47,34,22,24,29,46,47,38,32,55,70,73,73,66,75,99,110,110,85,110,128,128,128,131,123,92,85,82,78,59,44,36,43,45,57,90,126,140,171,185,183,139,88,128,173,175,177,195,192,160,142,153,150,136,129,111,81,65,78,92,92,82,67,65,60,66,63,56,45,63,93,109,109,94,90,82,60,50,49,45,42,35,36,42,51,57,56,51,36,32,60,76,75,63,43,36,30,22,28,32
04C3E6802580;28.01.2021 00:46;0;12,24,26,33,34,55,104,111,103,81,69,57,39,38,37,33,33,31,24,20,20,20,21,21,19,20,20,16,12,11,23,43,47,44,55,72,72,66,59,51,45,69,73,69,64,64,60,46,43,49,69,91,95,93,81,98,98,78,53,56,80,87,86,77,92,143,183,183,161,140,127,113,83,88,94,100,123,139,160,176,175,136,102,105,100,110,110,109,109,98,82,76,69,67,89,108,124,124,109,117,111,94,92,75,69,77,77,80,83,82,75,70,53,52,74,78,78,68,51,51,44,38,48,49,44,37,37,33
04C3E6802580;27.01.2021 00:45;0;12,24,24,29,30,69,136,149,144,112,89,90,84,64,48,53,65,68,67,53,43,40,41,53,54,58,82,87,82,60,45,44,48,47,50,56,56,57,63,63,51,45,63,74,78,77,71,66,62,78,82,75,53,68,83,93,93,79,67,66,72,71,90,101,98,78,77,80,132,178,210,237,252,252,214,137,105,91,107,121,125,137,136,117,124,124,112,88,80,82,85,91,111,111,94,98,95,74,112,168,198,199,188,168,131,110,133,137,126,88,61,82,86,76,60,54,62,65,66,69,69,61,51,51,42,38,39,41
04C3E6802580;26.01.2021 00:46;0;12,25,25,33,34,32,25,17,11,8,7,5,28,82,103,101,74,68,55,44,55,67,90,96,95,88,87,110,122,122,116,108,82,58,84,88,80,85,81,70,92,97,96,85,78,72,59,57,68,85,93,89,84,89,80,81,81,73,79,79,83,92,136,184,202,202,175,150,113,101,149,163,161,163,164,151,114,74,102,111,106,84,73,93,96,95,89,90,85,68,64,56,84,91,93,93,79,68,64,73,75,82,109,132,134,125,86,92,98,93,71,77,89,89,87,72,53,34,28,38,51,53,52,48,59,75,77,73
04C3E6802580;25.01.2021 00:45;0;12,24,24,29,29,27,21,14,9,6,12,16,16,16,16,28,53,61,59,75,97,101,123,131,129,107,73,51,47,47,39,50,67,87,92,87,59,42,53,54,44,54,62,73,81,80,69,55,44,32,44,49,59,82,92,90,67,70,68,78,98,103,116,135,136,126,144,178,188,181,129,91,104,122,121,102,64,42,41,42,70,79,82,83,69,78,75,71,98,99,95,115,115,92,70,68,51,44,49,50,44,45,83,95,93,91,88,75,67,60,45,41,34,27,34,34,54,77,84,79,55,43,32,26,26,29,30,41
04C3E6802580;24.01.2021 00:45;0;12,23,24,30,30,28,21,14,9,7,5,14,18,20,26,26,33,38,44,57,57,52,45,36,28,25,31,34,33,43,66,82,82,68,46,44,50,49,42,43,39,47,51,68,68,63,61,57,54,49,49,48,38,42,52,61,101,142,150,148,129,120,111,96,77,81,103,144,177,178,162,128,100,69,67,83,86,76,108,142,158,175,196,202,197,149,112,98,76,96,104,101,76,68,73,72,69,70,66,58,59,59,56,60,59,44,48,57,58,51,49,46,59,67,66,53,64,64,66,66,65,59,46,47,45,50,49,37
04C3E6802580;23.01.2021 00:46;0;12,24,26,34,35,33,25,17,11,8,6,4,4,10,23,34,40,40,54,62,64,65,62,52,50,50,37,29,25,34,34,48,68,76,76,71,66,76,76,71,74,80,77,56,56,61,63,63,49,44,63,73,72,58,68,110,124,117,116,127,127,118,104,79,81,110,146,148,132,159,160,157,179,191,186,134,87,109,157,176,176,168,164,144,147,170,169,136,114,86,89,86,84,84,82,83,79,68,62,60,49,53,55,55,52,63,67,66,66,60,57,72,79,83,82,74,69,64,49,36,32,38,44,48,46,47,58,59
04C3E6802580;22.01.2021 00:45;0;12,23,26,35,36,34,25,16,10,7,6,18,56,80,91,100,102,99,76,52,34,48,49,45,61,61,53,51,65,72,82,90,90,83,58,54,50,83,91,88,63,45,43,44,60,71,83,87,95,122,126,116,84,77,71,58,62,60,69,94,109,136,159,160,148,109,77,83,105,122,135,137,121,77,68,70,73,119,131,126,109,144,173,195,196,182,130,100,97,101,101,95,77,90,106,108,101,88,75,69,70,95,96,71,60,59,53,42,38,38,46,44,37,55,62,74,79,75,73,80,79,60,55,55,48,42,36,29
04C3E6802580;21.01.2021 00:46;0;12,23,24,30,31,28,20,13,8,6,5,4,3,3,7,32,55,62,76,78,68,46,33,53,68,69,67,59,51,52,48,59,71,71,64,72,83,83,70,50,75,87,86,75,62,63,59,43,31,38,54,58,56,52,61,79,105,120,143,150,139,114,114,104,83,76,66,52,60,92,113,140,159,159,144,151,169,171,161,164,188,193,192,163,137,123,92,74,55,60,58,51,84,122,138,138,127,86,72,69,72,72,72,99,122,125,119,95,73,65,65,54,45,48,60,60,53,43,54,62,62,57,42,40,41,36,39,39
04C3E6802580;20.01.2021 00:45;0;12,23,24,29,30,27,21,14,9,6,5,5,4,3,3,5,6,6,14,24,27,31,40,44,45,43,40,35,24,37,45,45,41,36,29,26,28,38,39,39,72,86,85,82,81,65,60,60,43,43,40,61,74,75,86,93,90,69,58,68,84,84,89,97,108,108,88,116,117,128,146,146,127,142,176,199,205,199,149,96,71,86,111,121,117,90,83,87,96,122,131,127,104,94,93,90,82,68,60,66,67,62,42,53,63,63,85,93,92,88,81,73,47,66,81,81,71,49,32,28,25,24,31,36,36,41,48,48
04C3E6802580;19.01.2021 00:45;0;12,24,26,34,34,32,25,17,11,8,6,5,5,4,4,5,7,11,29,50,53,54,55,53,67,68,60,54,55,53,54,54,55,53,43,48,46,35,34,32,41,58,60,64,84,84,70,46,36,36,75,125,154,167,173,171,138,93,63,90,130,162,162,145,137,141,133,127,173,177,161,100,81,110,137,167,190,191,187,181,174,156,149,147,115,69,45,53,77,105,112,111,101,103,98,67,55,51,51,55,55,45,40,48,61,61,51,42,50,51,43,44,52,61,63,54,60,74,75,71,61,53,47,53,56,54,44,57
04C3E6802580;18.01.2021 00:45;0;12,24,28,36,40,40,33,23,15,11,8,7,5,5,5,6,8,8,10,13,14,39,78,102,104,103,101,95,80,57,53,55,54,45,35,33,34,35,44,44,45,54,57,56,68,81,81,72,68,69,68,72,82,88,86,91,99,95,89,107,111,102,95,100,99,90,80,76,118,159,164,159,145,121,139,149,141,93,81,133,178,184,176,125,98,121,129,129,116,100,91,81,75,74,71,94,131,152,153,142,116,108,102,94,68,44,40,64,71,70,67,78,88,90,89,77,53,43,64,81,94,100,99,81,63,56,48,51
04C3E6802580;17.01.2021 00:46;0;12,25,29,35,41,41,36,26,17,12,9,8,7,5,4,5,7,7,10,13,14,34,73,102,105,102,98,96,88,72,58,60,60,54,36,23,19,22,34,35,42,69,89,92,86,58,49,38,59,74,74,65,52,56,66,96,124,125,112,89,90,89,66,68,65,73,81,89,113,133,133,114,105,107,104,114,114,94,85,108,124,132,132,122,120,119,128,158,176,180,178,156,125,107,100,97,101,114,114,100,72,64,76,77,71,56,84,118,134,134,126,120,116,109,116,116,102,69,48,77,102,111,111,104,80,61,50,58
04C3E6802580;16.01.2021 00:45;0;12,25,27,35,37,36,29,20,13,9,7,6,5,4,4,5,6,7,5,4,4,6,26,44,50,66,70,68,62,55,41,38,33,55,59,55,45,59,71,74,71,56,65,68,67,62,63,86,97,97,81,87,99,99,97,97,96,95,80,96,97,86,87,90,85,57,54,76,92,114,156,162,146,97,80,76,78,72,78,79,76,78,76,67,75,82,80,83,84,81,110,114,109,97,111,131,162,172,171,146,129,128,114,96,100,112,112,87,66,58,44,35,34,40,42,39,36,61,80,89,91,88,71,81,84,79,57,43
04C3E6802580;15.01.2021 00:46;0;12,25,28,35,39,39,33,24,15,11,8,7,6,4,4,5,7,7,7,5,5,4,3,9,20,26,26,25,32,58,99,126,127,115,86,91,110,114,108,75,68,84,89,87,81,82,82,81,84,83,81,83,80,60,51,59,82,99,105,116,129,141,145,164,178,193,200,198,192,183,153,126,162,168,160,123,127,135,136,130,99,90,120,131,131,129,127,115,96,91,85,58,78,104,104,84,70,77,89,102,108,106,90,70,65,72,71,57,69,69,66,65,70,76,76,63,64,66,65,54,69,75,74,66,68,65,54,45
04C3E6802580;14.01.2021 00:46;0;12,24,30,37,43,43,37,27,17,12,9,7,6,5,5,6,8,9,8,7,6,5,6,14,24,29,29,27,28,31,32,31,54,71,73,68,75,83,83,79,76,84,84,70,49,62,100,138,147,143,115,96,77,63,85,103,117,127,127,117,90,99,143,151,147,108,98,98,114,157,188,188,170,136,90,105,121,121,97,70,75,76,64,63,101,139,145,141,105,67,66,64,76,78,77,71,64,66,67,65,55,65,66,70,93,100,98,74,47,35,34,46,53,54,52,42,31,26,29,37,44,44,42,36,41,53,61,61
04C3E6802580;13.01.2021 00:45;0;12,25,27,34,36,35,30,21,14,10,8,6,5,4,4,6,8,9,9,8,7,6,5,11,22,24,23,16,16,15,21,22,22,24,46,73,87,89,84,63,53,53,45,55,56,68,80,80,89,99,99,84,52,62,84,84,75,57,49,78,94,94,79,53,77,106,138,181,191,180,121,72,92,120,123,114,103,91,105,106,101,89,77,57,71,79,77,67,62,68,75,75,78,81,77,58,59,58,66,70,72,70,65,59,56,49,48,47,51,61,67,68,67,62,52,39,46,46,40,56,62,62,58,48,47,55,56,54
04C3E6802580;12.01.2021 00:45;0;12,24,28,36,39,39,33,23,15,10,8,7,6,4,4,5,7,7,7,6,5,5,5,12,22,25,24,17,14,16,34,46,47,46,39,36,45,45,38,69,97,105,104,96,74,82,114,141,147,145,151,152,151,138,113,79,50,66,109,121,118,85,73,73,65,47,63,117,136,133,93,79,130,179,185,168,114,107,101,78,84,82,59,64,63,68,83,85,83,93,116,116,105,78,112,132,132,113,86,82,70,53,62,67,65,67,98,117,123,123,120,108,96,92,84,68,61,62,61,56,45,42,59,78,93,95,92,78
04C3E6802580;11.01.2021 00:45;0;13,25,28,32,38,39,35,26,17,11,9,8,7,4,3,4,7,8,8,7,6,5,5,10,20,25,25,20,21,22,21,18,19,28,56,82,83,80,67,54,48,43,38,67,104,117,119,119,119,105,82,90,90,78,92,126,166,183,184,178,159,147,134,117,124,124,118,103,89,82,89,104,105,99,105,114,133,136,130,108,80,66,58,51,53,82,120,139,140,126,88,59,43,76,111,132,137,135,115,75,64,56,92,116,121,121,112,84,78,78,70,59,60,69,89,108,109,103,76,48,47,44,49,67,73,74,70,63
04C3E6802580;10.01.2021 00:45;0;12,25,28,35,40,40,34,25,16,11,8,7,5,4,4,5,7,7,7,6,6,5,5,12,22,26,25,18,21,22,22,19,19,27,44,46,59,67,68,67,49,66,91,115,125,125,117,93,64,82,84,83,98,105,105,90,85,108,115,116,149,184,189,180,137,83,54,37,32,46,72,78,77,71,93,130,143,142,127,96,62,72,85,115,127,126,105,66,46,52,55,53,43,39,39,53,70,73,81,91,92,89,76,65,63,52,39,38,36,41,54,66,85,87,84,60,58,60,55,41,38,48,52,50,43,39,39,52
04C3E6802580;09.01.2021 00:46;0;12,24,27,35,38,37,31,22,14,10,7,5,3,4,4,5,7,7,7,7,6,5,6,13,22,24,23,15,18,18,17,12,13,13,11,10,11,27,72,113,117,109,89,115,149,169,187,189,185,168,132,101,103,97,89,107,121,123,122,132,135,133,121,81,89,89,76,60,56,49,49,60,79,81,80,91,98,97,88,73,50,49,55,66,69,65,48,46,43,30,36,49,50,40,29,45,54,54,75,94,95,87,69,70,68,51,52,52,39,55,62,64,75,76,72,64,70,69,54,47,39,44,53,58,58,54,52,54
04C3E6802580;08.01.2021 00:46;0;12,24,27,35,37,37,30,21,14,10,7,5,4,4,4,5,7,7,7,6,6,5,5,13,22,24,23,16,18,19,18,13,13,13,10,7,8,11,11,11,16,25,29,35,63,112,162,185,186,185,185,181,165,127,95,75,112,157,162,144,100,88,75,74,63,74,74,92,94,97,114,125,125,115,86,65,71,70,66,94,111,118,124,125,114,87,103,117,117,101,85,83,83,73,67,66,63,48,44,55,55,55,61,73,74,64,46,43,33,50,62,63,60,51,50,58,72,88,91,89,69,43,38,41,55,64,63,55
04C3E6802580;07.01.2021 00:45;0;12,24,31,38,46,46,42,32,22,15,10,7,5,5,5,6,8,9,10,9,8,7,7,15,25,30,30,23,20,21,21,16,15,15,14,11,9,13,14,14,30,64,104,134,136,124,125,135,135,128,124,101,132,169,171,157,118,93,104,123,131,130,98,105,116,134,140,139,124,90,95,121,136,137,127,114,141,159,159,141,121,150,166,166,152,118,84,63,58,63,67,70,74,74,69,88,125,147,160,165,166,155,120,93,80,96,116,122,120,110,94,73,62,65,65,57,51,49,47,40,47,48,43,56,77,90,90,83
04C3E6802580;06.01.2021 00:46;0;12,24,27,35,37,37,30,21,13,9,7,5,4,4,4,5,7,7,7,7,6,5,5,13,22,23,22,14,16,16,15,12,13,12,10,8,10,12,13,13,16,17,18,42,77,130,174,193,193,177,146,110,135,175,181,191,195,189,156,113,110,121,130,140,146,151,158,158,149,105,113,145,152,146,106,70,64,58,59,61,78,82,78,60,75,92,106,113,113,108,94,69,66,59,48,44,39,30,29,36,42,61,83,92,92,81,59,49,60,76,94,96,88,72,72,64,61,61,61,60,48,42,44,47,48,45,37,40
04C3E6802580;05.01.2021 00:46;0;12,24,26,33,34,33,26,17,11,8,6,5,3,4,3,5,6,6,6,5,5,4,5,13,20,21,19,12,12,12,12,13,13,13,11,9,11,15,15,15,15,19,34,67,74,72,75,81,81,71,71,62,77,79,71,58,61,103,115,116,136,176,190,186,150,107,85,114,122,120,112,94,85,87,92,90,76,79,79,63,53,53,70,78,78,55,58,55,58,58,64,78,83,81,61,70,90,91,88,83,83,72,49,51,56,56,48,36,33,32,39,70,80,78,70,86,87,85,69,58,53,45,44,40,32,29,31,27
04C3E6802580;04.01.2021 00:46;0;12,24,26,33,34,33,26,18,11,8,6,5,4,4,4,5,6,6,6,5,5,4,5,13,20,21,19,15,17,17,15,14,14,14,12,10,12,15,15,14,11,10,14,31,58,69,68,76,106,149,175,181,181,165,142,142,110,150,187,202,208,206,172,127,100,83,67,74,75,105,128,132,131,126,116,107,117,123,123,117,111,98,79,67,70,76,78,76,69,63,55,55,56,54,53,44,41,40,46,58,61,61,63,77,79,76,57,39,38,38,35,45,46,43,41,51,52,46,46,45,40,36,42,45,51,53,54,50
04C3E6802580;03.01.2021 00:46;0;12,24,26,33,34,33,26,17,11,8,6,5,4,4,3,4,6,6,5,5,4,4,5,13,20,21,18,13,16,17,16,15,15,15,12,11,12,14,14,13,10,9,8,6,6,8,17,27,56,103,149,183,190,180,132,130,106,81,97,113,120,119,120,123,122,98,67,67,61,62,56,41,38,37,27,28,38,40,63,71,72,62,43,32,38,52,53,48,39,31,28,29,27,38,43,43,44,47,47,38,39,37,31,27,37,38,37,41,40,32,30,31,34,52,55,54,61,67,67,69,66,52,57,57,45,38,32,26
04C3E6802580;02.01.2021 00:46;0;12,23,24,30,31,29,22,15,10,7,6,4,3,4,3,4,5,5,5,5,5,4,6,13,19,19,17,11,10,10,10,12,13,13,13,12,11,12,12,11,9,9,9,8,8,14,19,20,20,18,20,20,24,64,86,89,90,88,134,175,208,212,197,139,119,89,76,91,102,121,121,98,63,61,82,107,115,113,103,100,96,78,64,60,42,30,31,34,34,41,48,47,39,42,51,55,61,63,63,61,53,44,57,72,77,77,72,67,67,64,52,43,41,31,27,30,30,35,42,43,47,47,43,44,47,46,45,37
04C3E6801E08;01.02.2021 07:30;0;15,38,51,51,81,118,135,135,123,96,68,44,26,15,9,5,3,2,2,3,4,4,4,6,7,8,8,7,6,6,5,4,5,5,9,17,26,28,28,23,21,27,28,27,23,34,38,36,36,42,52,84,146,197,225,240,242,240,243,246,255,255,255,242,212,196,176,209,237,255,255,255,255,250,186,111,137,190,230,250,254,253,236,193,170,158,137,179,206,221,222,211,151,181,208,208,188,138,132,127,119,141,176,178,161,129,116,103,78,64,84,94,97,101,105,105,119,163,196,201,195,179,191,208,210,203,158,113
04C3E6801E08;01.02.2021 01:31;0;14,29,30,39,60,72,73,70,54,37,24,16,12,9,6,4,3,3,3,3,3,4,5,7,8,8,7,6,4,3,3,3,5,6,8,14,23,26,26,22,21,25,39,45,45,37,38,63,103,138,164,185,214,233,234,222,215,205,144,113,99,118,142,177,192,193,191,160,185,209,213,226,241,242,232,198,156,170,177,177,153,141,146,130,142,154,150,121,116,120,164,181,181,163,131,107,98,92,81,52,42,54,55,60,90,103,103,93,93,79,52,44,79,95,95,88,85,85,84,72,58,68,68,67,98,103,96,69
04C3E6801E08;31.01.2021 19:30;0;14,28,29,38,61,73,74,69,53,36,23,16,12,9,5,4,3,3,3,3,2,4,5,6,6,5,5,4,4,4,4,4,4,5,8,17,24,25,24,23,22,28,41,43,42,33,45,75,118,154,179,200,225,237,237,212,192,170,120,108,101,125,146,168,183,185,178,153,194,211,211,223,236,236,222,190,158,176,182,179,148,119,122,109,127,140,139,126,127,139,182,206,208,196,155,124,113,101,84,55,68,97,100,92,107,112,111,93,85,69,62,62,89,93,89,77,80,81,78,62,68,92,96,89,106,114,109,76
04C3E6801E08;31.01.2021 13:31;0;14,28,30,42,75,98,101,99,79,56,38,25,16,11,8,6,4,2,2,1,1,2,5,7,9,9,8,7,5,4,4,4,3,4,11,21,29,30,29,22,15,16,17,27,52,93,135,145,142,147,183,194,191,158,138,194,224,226,216,164,133,131,126,153,152,136,134,106,96,159,212,230,227,185,157,134,176,213,235,236,222,186,168,160,171,177,177,175,169,163,133,101,91,86,123,161,171,169,149,122,85,62,101,120,137,176,184,181,180,166,130,111,111,104,97,97,86,68,76,134,186,210,214,223,227,221,176,143
04C3E6801E08;31.01.2021 07:31;0;14,28,30,38,59,70,70,65,50,35,23,15,12,9,6,4,2,2,2,3,4,5,6,7,7,7,7,6,5,3,4,4,4,5,10,17,23,27,28,25,20,15,10,15,22,37,43,51,74,128,161,162,174,206,216,213,191,170,170,162,119,106,121,152,177,182,175,136,101,97,74,52,72,98,98,116,179,218,221,224,229,225,189,160,157,150,172,179,178,165,123,93,104,120,132,145,145,129,134,149,167,172,190,207,212,210,196,174,157,122,92,73,50,37,37,36,34,53,69,68,86,93,107,125,130,129,126,118
04C3E6801E08;31.01.2021 01:31;0;14,28,29,38,59,72,72,69,54,37,23,16,13,10,6,4,3,2,2,2,3,3,4,6,7,7,6,5,5,4,4,5,5,4,8,15,23,28,28,27,24,21,16,16,23,29,32,36,44,96,131,131,162,204,222,221,196,182,203,205,182,174,184,183,168,169,161,125,121,93,87,88,93,100,102,153,206,234,234,208,161,144,134,136,148,148,149,153,149,119,90,101,107,124,146,153,153,139,96,88,121,147,165,184,200,213,220,220,204,164,135,108,107,106,88,61,49,34,46,60,84,94,95,114,129,129,122,102
04C3E6801E08;30.01.2021 19:30;0;14,27,29,36,57,71,73,70,56,37,22,15,11,8,5,4,3,3,2,2,1,2,5,7,8,7,7,6,6,5,4,5,6,6,9,15,22,25,25,24,21,15,10,13,15,22,27,42,68,122,143,142,146,184,192,185,156,176,199,199,156,109,107,103,95,99,106,146,151,130,127,126,97,99,100,148,204,232,235,231,201,168,154,185,204,204,200,191,171,127,110,107,103,97,117,121,117,92,105,130,173,197,208,210,210,210,215,215,205,168,145,131,127,123,96,74,75,75,82,100,104,110,124,131,130,117,106,104
04C3E6801E08;30.01.2021 13:30;0;13,28,29,42,77,105,114,113,95,68,44,27,16,10,6,4,2,2,1,2,3,5,8,10,11,11,9,6,4,3,3,3,2,6,15,22,27,28,28,26,22,17,26,36,37,35,44,68,85,85,88,91,86,109,129,139,163,201,226,228,236,242,242,237,223,187,164,196,197,158,136,130,132,192,231,247,246,201,193,220,223,210,156,179,190,184,137,84,100,155,201,226,236,238,235,195,155,171,174,164,116,79,99,113,113,120,176,200,199,173,164,173,173,158,147,158,158,147,141,139,124,129,141,151,159,160,160,154
04C3E6801E08;30.01.2021 07:31;0;14,29,31,40,74,102,111,111,96,70,46,28,16,10,6,4,2,2,1,2,3,6,8,10,10,10,9,8,6,4,4,3,3,6,12,18,24,27,27,26,21,18,16,11,7,7,13,26,34,34,29,71,141,180,180,155,194,220,230,233,236,254,255,255,237,248,253,255,255,255,255,255,255,255,232,251,255,255,255,255,191,209,209,177,123,150,200,231,244,252,253,247,205,228,247,249,238,191,169,182,183,180,166,144,102,125,148,168,193,194,177,129,91,69,108,169,209,214,203,162,119,114,115,121,122,114,99,90
04C3E6801E08;30.01.2021 01:30;0;13,29,31,40,75,106,118,118,103,77,51,31,18,11,7,4,3,2,2,2,3,5,8,11,12,12,10,9,7,6,6,5,3,5,12,20,24,26,26,23,16,16,15,11,7,7,13,25,33,37,37,59,126,177,179,158,180,198,198,161,200,237,255,255,250,196,182,161,171,210,236,255,255,255,252,255,255,252,228,158,198,207,196,158,174,198,212,212,191,155,124,80,111,169,195,195,167,121,127,167,183,197,206,206,187,165,161,169,193,198,192,153,117,107,105,162,205,213,207,176,156,150,131,123,124,111,81,95
04C3E6801E08;29.01.2021 19:31;0;14,30,33,41,78,113,128,128,114,87,60,39,24,14,9,6,4,4,4,4,3,3,5,8,11,12,12,12,10,8,6,4,3,5,11,16,20,21,20,16,11,14,14,13,10,8,14,24,32,38,38,60,125,171,172,139,161,173,172,147,203,241,255,255,249,203,200,170,186,222,246,255,255,255,234,245,254,254,232,192,228,231,209,145,163,192,205,204,173,137,114,86,120,180,206,206,173,155,192,212,215,222,228,228,213,190,173,167,177,179,172,135,92,77,84,154,201,210,206,187,190,199,207,208,201,164,110,104
04C3E6801E08;29.01.2021 13:30;1;14,33,40,45,90,138,167,169,163,138,107,79,58,42,30,21,14,9,6,4,2,2,4,7,10,12,12,12,10,8,6,5,5,10,18,22,23,21,17,14,17,18,18,16,11,10,17,26,27,25,33,42,55,69,87,99,100,97,87,79,61,105,163,201,214,212,179,220,249,255,255,255,255,255,231,248,253,255,255,255,255,255,255,255,255,255,255,255,255,255,249,211,158,122,95,95,102,102,95,82,127,165,182,198,218,223,221,206,193,187,187,186,183,175,170,161,133,148,190,221,233,234,232,209,152,94,68,53
04C3E6801E08;29.01.2021 07:31;0;14,37,51,50,86,130,157,160,157,136,107,79,56,39,26,17,11,7,6,5,4,3,4,8,11,11,11,11,9,7,6,5,4,5,8,9,9,8,8,8,11,15,16,16,17,17,16,14,15,15,15,33,59,88,115,123,124,153,196,220,221,209,230,250,255,251,223,221,222,215,207,234,252,255,255,255,255,221,188,231,255,255,255,255,255,255,255,255,255,255,255,252,239,204,171,204,212,207,159,118,99,80,101,137,169,189,195,193,173,145,119,104,106,124,159,196,214,217,215,190,142,105,105,122,143,168,187,207
04C3E6801E08;29.01.2021 01:30;0;14,32,36,47,92,134,151,151,135,104,72,48,31,21,14,9,6,4,3,2,3,4,6,8,10,12,12,11,10,8,6,5,5,4,8,13,15,16,16,14,10,11,11,9,12,12,11,9,10,10,15,40,78,105,121,127,125,101,161,204,216,213,205,233,242,242,233,200,152,144,198,230,242,241,224,206,202,213,235,255,255,255,255,255,255,255,255,253,220,161,160,179,179,160,116,150,163,160,134,128,120,96,105,131,154,176,194,199,198,186,172,167,162,151,161,171,173,172,167,143,106,67,80,105,142,168,187,216
04C3E6801E08;28.01.2021 19:30;0;14,32,38,48,96,140,160,160,146,115,81,54,35,23,15,10,7,5,5,4,3,3,4,7,11,13,13,12,9,6,4,5,5,6,9,13,15,16,15,13,11,11,13,13,12,10,12,12,11,9,15,45,84,114,132,137,135,117,173,207,211,206,223,246,253,252,240,199,164,145,196,232,244,243,232,237,234,226,249,255,255,255,255,255,255,255,255,247,239,216,186,204,206,197,178,199,203,198,169,150,137,111,123,156,175,192,211,221,228,231,232,232,229,230,246,255,255,251,227,194,157,124,106,112,112,102,121,161
04C3E6801E08;28.01.2021 13:31;0;14,35,42,46,91,139,166,167,161,134,101,71,47,30,18,12,7,4,3,2,2,1,2,5,8,11,11,10,9,6,4,4,4,7,12,15,15,12,15,16,16,15,13,10,10,10,9,6,8,14,19,22,22,19,32,70,116,153,197,228,248,255,255,239,222,214,198,166,147,140,196,234,255,255,255,255,255,255,255,255,255,255,255,255,255,255,239,198,153,130,178,220,246,255,255,255,255,255,255,239,218,208,196,157,104,98,103,101,83,67,88,136,152,150,113,121,161,172,170,159,157,132,145,169,171,166,142,115
04C3E6801E08;28.01.2021 07:31;0;15,40,54,53,68,91,99,99,90,72,53,36,23,15,9,7,6,4,3,3,3,2,2,3,4,5,5,4,3,3,3,3,3,6,10,12,12,10,10,11,10,8,8,8,8,8,8,9,8,6,7,10,10,11,14,33,54,60,60,60,65,64,89,151,204,226,226,210,182,133,96,114,117,113,100,111,108,83,138,194,230,248,249,248,255,255,255,255,247,252,255,255,251,202,144,139,139,130,137,148,148,125,103,141,154,154,151,132,99,77,55,63,70,70,59,55,51,51,83,98,97,85,85,76,86,108,114,121
04C3E6801E08;28.01.2021 01:30;0;14,34,40,43,71,99,109,109,96,72,49,33,21,14,10,7,5,4,4,4,3,3,3,5,8,9,9,7,5,4,5,5,5,5,10,16,17,18,18,16,13,10,8,6,8,8,9,9,7,6,7,8,15,21,23,40,79,119,126,140,161,165,156,118,108,108,108,136,163,175,207,238,255,255,245,179,136,89,89,88,64,61,77,130,188,230,255,255,255,255,255,255,245,202,194,221,239,243,243,231,216,215,220,220,212,202,165,107,125,126,124,132,153,162,160,123,123,167,209,227,228,212,176,128,88,64,45,52
04C3E6801E08;27.01.2021 19:31;0;15,41,54,53,77,97,99,96,79,57,38,25,17,13,10,7,5,4,3,3,4,4,4,6,6,7,7,6,4,3,3,3,3,5,9,10,10,8,8,8,6,6,5,5,8,8,7,8,8,10,9,10,10,10,14,21,38,52,65,86,89,84,66,55,57,61,67,72,72,60,89,126,147,147,151,156,152,119,81,63,74,80,94,97,127,177,212,228,229,227,211,166,129,125,144,148,147,130,86,95,116,125,123,105,101,100,81,72,80,80,70,57,72,78,76,86,94,128,167,172,166,135,88,56,46,37,24,39
04C3E6801E08;27.01.2021 13:30;0;15,39,52,52,67,89,96,95,84,64,43,27,17,11,8,7,6,4,3,2,2,2,3,4,5,4,5,5,5,4,5,5,4,4,10,14,14,12,9,6,6,6,7,7,7,10,10,9,9,9,9,9,10,10,9,14,14,31,50,55,55,55,85,110,120,117,80,50,44,36,55,76,76,75,96,109,154,201,227,231,227,186,182,158,148,166,192,200,195,158,119,90,75,76,76,87,89,90,102,101,85,81,98,124,159,195,224,236,239,240,239,230,218,181,144,107,84,90,88,60,70,98,102,94,68,70,73,70
04C3E6801E08;27.01.2021 07:30;0;14,27,29,35,49,51,49,37,22,14,9,6,4,4,3,2,2,2,1,2,3,4,4,7,7,7,6,4,3,4,3,3,3,3,7,12,17,21,21,21,18,15,12,9,8,8,6,6,8,8,8,9,8,8,9,10,9,25,48,50,65,89,126,172,179,168,141,177,179,154,132,174,180,174,150,134,98,123,124,104,98,114,150,159,168,167,131,139,174,179,187,191,189,164,123,106,85,104,110,109,76,55,51,96,139,147,146,142,172,180,178,150,100,76,51,49,46,41,36,30,34,33,57,91,105,105,92,77
04C3E6801E08;27.01.2021 01:30;0;14,27,28,34,46,47,44,31,19,12,7,4,3,3,2,1,1,1,1,1,1,2,4,5,6,6,6,5,4,4,3,2,2,3,6,13,20,23,23,21,16,12,9,7,9,12,12,11,10,10,9,9,9,9,12,11,10,23,43,43,56,83,125,162,165,153,135,174,175,146,112,133,135,129,119,114,81,94,93,68,83,121,148,164,190,196,188,132,157,170,179,189,192,191,177,152,115,93,93,84,73,66,66,77,119,127,118,111,143,150,145,119,95,78,58,57,53,43,42,40,32,30,42,60,67,67,71,71
04C3E6801E08;26.01.2021 19:31;0;14,27,27,36,51,53,51,38,24,16,10,7,5,3,3,3,2,2,2,2,2,3,5,6,7,7,6,4,4,3,3,3,3,4,5,11,18,23,24,23,19,14,10,8,11,11,10,7,7,6,6,6,7,7,10,11,13,33,49,49,70,91,137,183,189,169,162,178,177,138,97,104,101,89,93,87,85,100,102,102,91,117,155,190,206,206,166,175,187,199,209,210,206,157,118,97,82,87,84,57,50,52,85,141,166,167,148,138,170,186,184,151,93,57,60,61,53,51,51,48,45,49,88,105,105,79,62,77
04C3E6801E08;26.01.2021 13:30;0;13,25,26,44,69,76,76,61,38,24,15,11,8,5,3,2,2,2,2,2,3,4,6,8,9,9,7,5,4,4,3,3,3,3,8,16,22,22,21,16,13,11,9,6,8,9,9,8,8,8,8,9,9,9,8,9,11,21,36,49,51,72,104,134,175,211,215,202,179,181,169,152,143,122,155,159,148,119,134,133,131,154,155,145,164,166,165,192,192,153,119,118,113,84,99,108,113,116,114,99,73,104,128,128,156,188,190,182,154,122,151,166,168,167,153,121,78,52,40,34,25,34,64,86,86,81,79,77
04C3E6801E08;26.01.2021 07:31;0;13,26,27,32,42,43,41,31,18,11,7,6,5,4,3,2,2,2,2,2,2,4,4,5,6,6,6,4,3,3,3,2,3,4,7,14,18,18,16,14,15,14,12,8,8,11,11,10,9,6,8,11,12,11,11,11,10,10,10,12,15,27,76,132,173,176,163,106,98,100,142,169,171,157,105,121,146,157,182,211,231,234,230,199,149,127,144,193,212,211,194,191,179,164,164,155,137,138,133,151,184,188,178,135,121,139,156,179,186,185,159,116,76,51,64,67,80,86,85,69,54,51,44,57,69,90,110,111
04C3E6801E08;26.01.2021 01:30;0;13,26,27,31,39,39,37,30,19,11,7,6,5,4,3,2,2,2,2,2,3,3,3,5,5,5,4,3,3,2,3,3,3,5,8,16,22,22,19,15,15,13,10,9,10,9,8,8,9,8,7,7,9,9,10,11,10,8,8,12,15,23,65,111,153,158,148,106,94,117,163,179,176,152,171,172,190,210,210,188,134,105,88,77,95,135,150,154,149,101,99,91,113,157,171,169,131,91,102,104,104,97,118,135,136,129,105,111,111,113,125,127,124,94,91,90,70,47,35,46,63,65,66,101,129,130,118,102
04C3E6801E08;25.01.2021 19:30;0;14,26,27,32,43,44,42,33,20,13,9,7,6,4,3,2,2,2,2,3,3,3,5,7,7,7,5,3,3,3,4,5,5,4,8,15,19,19,16,14,14,14,13,10,8,9,9,7,5,6,8,10,10,9,10,8,6,7,7,11,13,22,61,123,173,180,169,120,114,139,169,185,183,175,201,200,187,199,199,163,113,111,111,100,121,151,151,136,110,76,86,85,111,158,163,151,114,74,82,91,91,112,150,171,171,160,135,127,124,134,139,138,110,70,58,51,38,32,58,73,73,67,84,109,114,113,110,109
04C3E6801E08;25.01.2021 13:31;0;13,26,26,36,54,59,59,50,34,20,12,8,5,4,3,2,2,1,1,2,3,4,6,6,6,5,4,3,3,4,4,4,3,4,9,16,17,17,15,19,19,17,13,10,8,6,6,6,8,10,10,9,9,10,11,11,11,10,9,9,9,10,9,11,18,21,22,46,72,75,75,93,93,73,76,114,183,228,253,255,255,255,214,151,109,80,132,159,160,150,137,165,180,188,188,159,162,177,179,204,232,249,251,246,222,186,132,94,95,122,129,128,110,87,72,105,132,137,137,124,135,151,151,139,121,95,71,60
04C3E6801E08;25.01.2021 07:30;0;14,27,28,32,43,45,43,34,22,14,9,6,4,3,2,2,2,1,2,2,2,2,4,5,5,4,3,3,3,3,3,3,3,5,10,17,23,24,23,19,15,12,9,8,11,13,13,10,9,9,9,6,9,11,12,11,11,14,14,12,13,13,10,10,14,32,47,50,46,60,134,184,189,179,125,100,95,87,89,80,75,100,136,140,129,127,126,146,188,204,201,163,125,93,95,135,163,163,148,117,129,129,105,82,96,123,127,120,96,80,66,64,68,86,100,100,97,89,80,66,67,68,68,63,48,37,46,58
04C3E6801E08;25.01.2021 01:31;0;14,27,28,32,43,44,43,33,21,13,8,5,4,4,3,3,2,2,2,2,3,3,4,5,6,5,3,2,2,2,3,3,3,4,9,15,19,20,18,14,14,13,12,9,7,8,8,8,8,6,7,7,7,8,10,10,9,9,10,9,10,10,14,17,23,30,34,34,45,54,65,73,113,157,163,157,183,209,212,195,126,117,123,116,99,116,117,109,149,154,144,144,134,95,89,121,125,121,88,53,114,163,164,148,137,106,88,94,94,87,62,52,94,125,131,129,109,90,105,116,115,96,72,90,105,117,122,117
04C3E6801E08;24.01.2021 19:30;0;14,26,27,32,43,43,41,30,19,13,8,6,5,3,2,2,1,1,1,2,3,4,4,4,5,5,4,3,3,2,2,2,3,3,6,15,21,21,19,12,11,11,9,8,10,10,9,9,8,8,6,6,6,6,7,8,11,11,11,10,10,14,15,15,26,39,40,36,49,59,61,78,133,176,179,170,179,204,204,166,108,96,107,100,90,95,95,113,163,170,150,118,94,93,102,103,103,96,71,73,114,160,162,141,119,113,112,101,104,99,69,55,101,153,166,160,129,114,113,105,103,87,79,90,97,102,111,110
04C3E6801E08;24.01.2021 13:31;0;13,25,26,38,57,63,62,52,34,21,14,10,8,7,5,3,2,3,3,3,3,4,6,7,7,6,4,3,3,3,3,4,5,5,9,17,23,24,22,17,17,16,13,11,9,7,8,9,9,9,9,8,9,10,10,7,9,11,11,9,8,11,14,30,81,120,122,111,85,64,78,109,113,103,105,106,99,100,116,152,152,117,102,105,154,178,177,149,122,162,203,214,210,165,137,148,146,140,149,163,163,151,111,121,152,164,164,155,131,104,86,69,58,63,86,112,114,112,112,102,69,69,81,81,65,60,71,73
04C3E6801E08;24.01.2021 07:30;0;14,26,27,33,46,47,46,37,24,15,9,6,5,4,3,2,1,2,2,2,2,2,3,4,4,4,3,3,2,2,4,4,4,4,8,15,18,18,16,13,13,13,12,10,8,8,7,6,6,5,7,7,8,8,8,11,11,9,8,10,11,11,13,15,25,31,33,31,28,52,64,76,79,88,98,98,91,131,148,147,138,153,152,125,161,172,176,192,192,182,204,205,200,203,204,200,179,155,115,117,119,145,171,173,172,155,126,93,74,62,58,52,37,40,56,75,90,107,107,93,64,50,82,101,101,78,90,91
04C3E6801E08;24.01.2021 01:31;0;14,26,27,35,48,51,51,42,29,17,11,8,6,4,3,2,2,1,1,1,2,2,3,4,5,5,4,3,3,3,2,3,3,4,9,15,19,19,17,14,14,14,12,11,10,7,7,7,7,7,7,9,9,9,10,10,10,8,10,10,10,11,15,16,25,35,35,32,38,57,69,88,98,107,111,111,103,120,148,158,158,162,154,154,180,184,204,223,223,206,201,197,181,177,179,175,134,94,79,102,135,176,201,209,207,176,129,93,73,74,81,76,52,45,43,81,112,118,117,101,70,75,101,104,97,72,78,78
04C3E6801E08;23.01.2021 19:30;0;14,26,27,34,48,51,50,41,27,17,11,8,6,4,3,2,2,2,2,2,2,4,6,7,7,6,4,4,4,3,3,3,4,6,9,15,21,22,20,15,15,14,11,9,9,11,11,9,8,8,8,7,8,9,7,6,8,9,11,13,15,16,15,20,37,41,40,30,37,50,55,77,97,118,120,109,106,137,158,164,162,154,141,125,174,202,224,235,235,211,194,180,155,171,181,179,144,111,98,126,160,190,207,208,197,152,102,71,61,66,74,75,68,57,81,105,136,155,156,135,85,69,89,93,88,63,63,63
04C3E6801E08;23.01.2021 13:31;0;13,25,26,41,64,71,71,61,41,24,14,9,6,4,3,2,2,2,2,2,2,4,6,7,7,6,5,3,2,2,2,1,2,4,12,22,28,28,24,16,15,12,8,6,6,6,6,6,6,5,5,4,5,7,7,6,7,7,7,7,8,11,15,17,17,14,18,23,27,32,39,49,49,45,45,103,157,187,199,200,209,210,205,191,166,201,202,194,217,219,206,159,195,228,246,248,236,168,115,101,124,144,176,190,190,163,149,188,194,185,135,91,88,108,121,154,194,212,213,208,206,204,183,146,113,86,82,85
04C3E6801E08;23.01.2021 07:31;2;14,26,27,34,47,49,48,40,27,16,10,7,5,4,3,2,2,1,1,1,2,2,4,6,7,7,5,4,3,2,3,3,3,6,11,19,25,25,21,14,14,10,7,6,7,7,8,8,8,7,7,10,12,12,12,9,7,9,9,9,12,13,11,14,14,17,20,19,23,26,25,21,19,25,37,53,55,55,79,84,83,83,63,73,97,98,86,119,152,154,139,101,83,81,91,127,138,146,183,199,199,184,165,138,126,127,119,97,109,117,119,115,83,108,124,128,135,136,128,108,85,69,73,74,116,154,158,150
04C3E6801E08;23.01.2021 01:30;2;13,26,26,34,48,51,51,44,30,18,11,8,6,4,3,2,2,1,1,1,2,4,5,6,6,6,4,2,2,2,2,2,2,4,10,18,22,22,18,12,11,11,10,9,8,7,8,8,8,8,9,10,10,12,13,13,13,16,17,17,15,10,9,13,16,20,21,21,18,18,15,19,19,21,40,46,45,56,76,76,80,80,70,69,72,67,63,80,88,91,86,114,129,124,115,123,119,99,63,63,62,75,75,65,57,47,56,70,70,71,88,88,89,153,190,191,179,155,122,100,101,105,126,129,126,111,91,70
04C3E6801E08;22.01.2021 22:46;2;14,26,27,36,52,55,55,45,30,18,11,8,6,4,3,3,2,1,1,2,3,3,4,6,7,7,7,6,4,3,3,3,3,5,13,20,23,22,17,14,14,11,8,7,8,7,5,5,5,6,7,7,8,8,8,9,9,10,15,16,15,12,10,12,17,19,19,19,21,20,18,18,19,27,47,59,59,56,71,73,82,83,73,76,77,68,62,88,107,108,94,95,95,79,120,134,132,123,88,66,51,64,69,66,67,63,77,104,105,80,91,91,87,142,180,183,177,161,130,108,108,105,126,136,135,114,95,72
04C3E6801E08;21.01.2021 22:45;2;13,25,27,35,51,55,55,48,34,21,14,9,6,4,2,2,1,1,1,1,2,3,5,8,8,8,7,7,6,5,4,4,4,7,15,21,23,23,20,14,12,10,8,7,8,7,6,6,5,5,5,6,7,9,10,9,7,12,15,15,13,12,14,14,14,18,18,15,13,18,20,21,22,24,24,28,33,38,47,65,74,81,97,97,84,80,102,148,166,158,181,198,192,136,106,107,121,131,131,119,97,118,171,205,221,221,205,170,146,143,147,148,139,101,149,175,175,165,150,133,118,114,112,97,94,113,121,120
04C3E6801E08;20.01.2021 22:46;2;13,39,105,155,186,206,228,236,234,187,119,81,62,47,36,26,18,12,8,6,5,5,5,7,8,8,7,5,4,4,5,6,7,7,10,14,20,21,20,13,11,10,7,8,8,7,6,6,8,11,11,8,6,9,10,11,11,11,17,20,20,15,18,17,18,18,18,20,22,22,18,15,18,23,38,47,47,44,59,90,93,85,82,98,102,101,89,89,116,160,165,158,128,103,95,74,74,118,122,121,132,136,132,124,135,161,171,168,122,159,191,206,207,196,167,141,138,131,112,97,96,105,131,132,112,85,96,96
04C3E6801E08;19.01.2021 22:46;2;14,93,175,226,241,241,249,253,250,197,125,82,59,42,28,16,10,6,4,4,4,4,6,9,9,9,6,5,4,3,4,4,4,4,8,15,22,22,21,15,11,11,11,10,12,16,17,15,11,11,10,10,13,15,20,23,23,17,13,19,19,22,27,27,21,16,17,22,30,30,24,22,19,19,20,29,49,51,65,100,110,107,93,78,59,67,69,59,40,31,60,90,92,84,86,82,92,92,115,177,218,227,231,231,201,157,157,144,109,123,130,120,92,89,87,78,101,170,190,183,131,115,104,123,123,116,165,192
04C3E6801E08;18.01.2021 22:46;2;14,100,185,236,255,252,239,254,255,246,212,166,123,86,57,35,22,14,9,5,6,7,7,8,10,10,9,8,6,4,3,4,5,6,8,11,14,18,20,21,22,21,17,11,12,18,31,59,86,95,95,86,68,68,81,82,76,68,100,154,175,173,131,84,52,33,38,54,72,135,196,230,236,238,238,227,197,173,174,190,215,238,246,242,182,202,221,220,181,143,164,172,169,189,207,207,210,225,227,210,155,126,136,143,141,116,131,131,124,99,71,81,116,144,159,159,148,107,75,75,85,109,118,120,139,158,158,139
04C3E6801E08;17.01.2021 22:45;2;14,98,184,235,252,240,233,245,244,214,167,122,86,58,37,22,12,8,5,4,5,5,5,4,6,7,6,6,6,5,3,3,6,6,9,14,17,16,17,16,16,14,10,8,8,8,11,12,12,11,19,35,50,62,74,74,55,55,59,58,44,72,110,139,172,198,198,162,137,192,223,224,201,128,85,141,185,198,208,211,211,198,164,140,113,103,82,113,133,133,110,148,200,230,246,249,246,231,223,218,192,141,90,88,134,177,184,177,160,157,133,86,92,107,113,115,117,125,131,131,143,178,198,202,201,170,133,100
04C3E6801E08;16.01.2021 22:46;2;19,84,171,227,255,255,255,196,151,125,87,60,47,32,19,14,9,6,4,4,4,3,4,4,3,2,2,2,2,1,1,2,2,2,3,2,3,2,2,3,3,3,3,3,3,3,3,3,3,3,3,5,9,11,11,13,13,10,10,15,26,31,31,31,30,26,19,13,13,13,14,15,14,23,24,23,24,22,24,24,18,21,21,17,17,17,17,18,21,25,27,30,35,36,35,28,24,20,17,14,15,15,13,21,27,26,21,23,28,35,36,33,25,21,15,18,21,21,18,19,19,15,15,15,15,16,15,19
04C3E6801E08;15.01.2021 22:45;2;14,96,183,235,243,231,255,255,255,233,188,139,97,63,37,23,16,13,9,6,4,3,4,5,6,6,6,5,4,3,4,5,5,5,11,17,18,19,18,17,14,11,9,8,8,9,8,8,9,11,11,10,8,9,9,23,52,69,69,54,102,158,193,202,200,180,167,155,149,145,116,165,213,234,234,217,208,213,209,198,209,237,245,238,197,227,229,207,186,192,225,238,238,221,238,245,245,216,175,163,154,119,133,173,178,173,156,150,122,119,131,129,111,88,58,84,137,152,152,147,131,114,94,118,145,147,144,134
04C3E6801E08;14.01.2021 22:46;1;14,100,182,231,240,208,197,194,160,116,85,63,42,32,28,20,13,8,5,4,4,4,4,5,5,5,5,5,4,3,3,2,4,6,10,15,16,15,14,12,9,7,7,7,9,9,7,7,7,6,7,9,12,12,12,14,16,18,24,25,26,33,39,59,79,86,86,77,78,115,119,128,143,144,172,200,200,147,161,161,148,158,146,189,222,223,208,172,162,202,210,203,156,113,123,123,110,106,136,170,177,168,124,140,180,215,240,244,240,211,155,94,66,55,70,96,114,116,113,83,102,105,96,79,61,69,81,86
04C3E6801E08;13.01.2021 22:46;1;13,93,181,234,251,248,255,255,255,247,197,147,110,81,57,39,26,17,10,7,6,6,4,6,8,9,9,9,7,6,6,4,4,6,14,20,21,20,17,12,9,9,9,7,6,8,9,9,6,7,10,10,9,10,11,15,15,14,16,15,12,15,15,18,26,31,31,50,68,87,120,148,149,137,144,180,184,169,179,179,177,192,212,216,226,247,255,255,255,245,211,226,228,225,194,136,99,89,62,80,80,118,156,188,197,193,152,119,92,84,88,82,96,104,109,118,116,83,77,82,79,64,60,68,67,53,51,41
04C3E6801E08;12.01.2021 22:45;1;15,77,160,199,207,204,184,138,89,58,36,22,14,11,7,5,4,3,2,2,2,2,3,3,3,2,2,2,2,1,2,3,4,5,9,11,11,8,5,5,6,6,5,5,6,6,8,8,6,5,6,6,6,6,6,8,9,8,9,9,9,13,14,13,12,13,17,28,30,33,43,43,32,29,31,38,42,41,43,45,46,46,57,62,58,47,52,62,62,82,87,82,68,52,62,64,61,68,86,97,97,87,61,57,91,116,118,111,81,78,101,102,96,78,72,62,40,28,22,32,35,70,107,111,106,90,77,79
04C3E6801E08;11.01.2021 22:46;1;14,101,186,236,255,255,255,210,131,79,47,29,22,17,13,9,6,5,3,3,3,3,3,4,5,6,6,4,3,3,3,4,3,6,11,16,18,17,11,10,9,6,5,7,8,8,7,9,9,8,7,7,7,6,7,8,9,10,10,10,9,9,12,13,12,17,20,20,27,29,31,32,46,78,109,113,111,117,160,205,229,230,224,203,145,173,214,240,246,241,228,242,255,255,255,237,193,226,245,246,238,232,234,225,196,155,111,95,80,71,65,92,131,174,185,176,119,110,108,102,81,59,65,72,102,125,125,106
04C3E6801E08;10.01.2021 22:46;1;14,78,162,216,251,255,255,222,160,126,94,64,41,27,18,11,8,5,4,4,4,4,4,4,4,3,3,3,4,4,4,4,5,5,9,11,11,8,7,7,5,4,4,4,6,8,8,6,6,6,6,7,6,7,9,10,11,11,11,12,15,15,19,19,19,22,24,26,24,21,20,14,17,21,28,37,42,42,51,53,50,47,54,76,98,129,134,126,92,79,81,84,86,83,96,99,94,95,97,99,97,83,84,83,69,61,82,96,98,119,143,168,187,187,161,110,82,79,80,76,63,51,52,49,54,55,48,32
04C3E6801E08;09.01.2021 22:45;1;15,83,159,211,227,226,199,157,114,77,53,37,23,14,9,7,5,3,2,2,3,3,4,5,5,5,5,4,2,2,2,2,3,5,8,11,11,10,8,6,4,4,5,5,5,5,7,7,6,5,8,9,9,6,9,10,10,10,11,11,12,12,12,13,18,20,23,23,23,23,19,15,16,19,17,23,27,28,42,44,40,34,33,45,68,71,73,70,51,70,96,104,98,80,63,77,92,112,112,88,90,90,85,68,89,93,82,57,73,80,101,106,106,89,71,54,72,88,88,70,43,33,51,53,40,43,51,51
04C3E6801E08;08.01.2021 22:46;1;13,86,167,218,241,242,230,210,169,118,82,61,47,34,23,15,11,7,4,3,3,4,5,6,7,8,8,7,5,5,5,4,5,8,13,17,17,16,16,16,11,10,8,9,10,10,10,10,9,9,12,14,14,11,13,14,12,13,12,12,13,13,20,21,20,19,26,28,28,21,23,22,16,20,22,34,43,51,57,65,86,105,105,92,83,90,93,94,96,151,201,219,224,233,242,243,240,225,226,209,149,194,233,254,255,246,220,230,237,226,151,149,140,98,73,48,71,93,106,106,90,92,86,72,60,52,50,76
04C3E6801E08;07.01.2021 22:46;1;14,60,125,164,169,160,142,124,90,54,34,24,19,15,11,8,5,4,3,2,2,3,5,7,7,7,7,6,5,4,4,3,4,6,9,12,12,13,17,17,13,10,8,7,6,6,6,6,5,5,8,11,10,10,9,7,10,12,11,12,20,20,17,17,14,14,19,22,25,26,26,24,24,21,19,31,36,41,42,51,62,71,72,64,42,44,50,48,64,112,153,162,155,106,100,107,108,108,127,146,149,143,103,110,156,180,180,168,134,98,91,121,121,92,82,113,145,162,160,171,191,191,159,116,118,113,82,105
04C3E6801E08;07.01.2021 12:33;0;14,41,82,89,87,76,76,63,42,34,27,19,12,8,5,3,2,2,1,1,2,4,6,7,7,7,7,6,5,4,4,3,5,6,11,14,14,14,20,20,18,11,9,9,9,8,6,8,8,8,11,11,10,9,9,9,11,11,10,8,10,14,14,12,15,15,20,27,28,26,22,19,14,30,47,54,54,55,72,94,102,101,89,71,52,53,55,65,103,110,100,128,141,137,109,94,101,157,202,209,199,152,186,216,229,241,248,248,235,208,193,152,98,119,170,186,200,229,250,251,222,195,194,174,137,127,134,133
04C3E6801E08;06.01.2021 22:45;0;14,40,72,75,73,57,69,71,70,63,50,39,31,25,18,11,8,6,4,4,4,5,6,6,6,4,4,4,4,3,4,11,23,38,53,63,64,64,76,99,115,116,115,107,104,104,109,110,108,105,117,140,154,180,204,214,214,210,231,249,253,252,230,184,154,152,120,162,185,185,180,217,232,232,230,220,191,217,248,255,255,255,255,255,240,227,225,214,221,221,213,213,208,184,145,106,114,147,170,170,150,106,136,167,175,172,147,162,198,221,232,232,220,172,135,121,107,122,172,189,187,166,181,184,182,153,104,95
04C3E6801E08;05.01.2021 22:45;0;14,37,67,70,69,79,92,92,89,77,59,42,29,22,16,12,9,7,6,4,3,4,4,4,6,7,7,5,3,2,5,6,7,24,64,105,122,126,126,116,92,106,134,143,143,126,96,68,50,56,75,93,105,105,103,118,171,218,246,255,255,250,206,172,209,228,227,186,175,195,195,179,158,148,142,183,223,241,250,255,255,255,251,229,227,220,169,113,107,104,132,184,223,243,244,236,202,173,129,159,169,167,136,125,127,139,139,123,86,104,128,145,172,184,180,128,119,108,97,97,82,94,104,107,106,99,103,99
04C3E6801E08;04.01.2021 22:46;0;15,37,65,67,64,58,66,66,62,50,36,26,21,18,13,9,6,5,4,3,3,5,6,6,8,9,9,8,6,5,5,4,4,4,7,9,12,18,20,21,21,28,44,52,52,49,50,112,178,207,207,171,168,188,195,193,164,128,104,107,151,191,212,216,214,189,191,219,225,217,242,254,255,255,247,202,195,232,255,255,255,255,255,255,240,230,184,115,138,141,128,112,169,204,205,187,162,154,143,107,146,200,236,255,255,255,255,229,169,157,161,157,150,144,179,185,178,149,120,90,86,86,79,77,111,122,119,84
04C3E6801E08;03.01.2021 22:45;0;15,41,74,79,78,67,81,84,83,71,52,34,23,17,11,7,5,4,3,3,3,3,3,3,4,4,4,4,4,3,3,3,3,5,6,11,13,13,15,16,15,15,14,11,10,7,10,11,10,9,8,11,16,19,27,34,45,58,60,61,66,79,96,96,88,98,102,95,110,120,127,126,116,113,99,112,113,104,94,115,145,166,166,144,109,110,101,101,164,209,227,231,244,254,255,250,240,195,156,182,183,191,209,218,219,212,168,120,133,132,103,141,148,137,128,165,187,196,196,183,161,178,201,206,200,157,115,83
04C3E6801E08;02.01.2021 22:45;0;14,38,68,71,68,66,77,78,75,61,47,38,31,25,20,14,9,7,6,6,6,5,5,5,6,7,7,7,6,6,5,4,4,6,9,14,22,26,25,22,20,17,12,12,12,13,13,12,11,15,16,16,17,17,14,14,14,44,91,129,153,162,173,175,170,136,102,129,136,130,123,122,113,117,134,134,116,90,92,159,214,247,255,255,228,154,120,148,165,195,222,244,255,255,255,245,245,237,228,246,255,255,248,207,162,116,82,52,40,41,87,134,154,155,151,152,187,199,198,171,136,103,111,111,90,68,54,58
04C3E6801E08;01.01.2021 22:45;0;14,37,63,64,59,67,87,89,86,69,51,37,28,21,14,9,6,5,3,3,3,4,4,5,7,8,8,7,6,5,4,4,4,6,10,12,12,11,12,11,8,10,12,12,10,9,9,8,9,11,12,12,14,14,13,15,15,15,13,9,10,12,14,14,24,26,24,51,114,151,151,133,113,111,110,110,104,92,71,75,77,105,154,197,215,224,234,235,209,149,192,198,179,133,171,212,239,242,235,180,114,86,59,73,109,142,171,173,152,104,140,148,142,106,123,133,142,164,165,144,95,96,112,115,109,101,100,90
